,fips,cases,deaths
fips,1,-0.140312,-0.156135
cases,-0.140312,1,0.947463
deaths,-0.156135,0.947463,1
